Timestamp,Check 1,Check 2 ,Check 3,Check 4,Check 5,Check 6,Check 7,Check 8,Check 9,Check 10
12/8/2022 10:48:57,69,69,69,69,69,6,9,10000000,999999999,696969696969
12/8/2022 10:50:31,"$9,768","$1,909.55","$300,456","$89,878","$67,885","$7,609","$786,523","$88,990",786703,5657
12/8/2022 10:50:36,0,0,0,0,0,0,0,0,0,"1,000,000,000"
12/8/2022 10:50:44,567,45768,679678,5670678,578689,67968,46756,9876786,6758,56789
12/8/2022 10:50:46,1278,83947268,910264928,8049917302,738204726,1252658472,186789345,902743956,10689272,8765476597
12/8/2022 10:50:55,"$1,000","$4,000","$1,000","$900,000","$5,000","$600,000","$1,000,000","$2,000,000",$100,"$999,999,999"
12/8/2022 10:50:59,"$696,969,696","$420,696,420","$123,456,789","$800,008,135","$141,428,628","$246,816,368","$999,999,999",$1,"$777,777,777","$800,800,800"
12/8/2022 10:51:01,75,23,12,230,32,43,185,25,45,431
12/8/2022 10:51:18,789,6233859,654321,93651,76283,9327,7239,74738383,593882,987124
12/8/2022 10:55:50,120,35.81,80,315,176.88,400,99.92,289.38,176.12,53.25
12/8/2022 11:07:35,566,75,650,30,45,175,25,850,25,25
12/8/2022 11:19:50,"100,000","20,000","10,000","500,000","15,000","300,000","75,000","12,000","6,000","300,000"
12/8/2022 11:28:20,955,375,"11,100",250,75,"5,200",750,"9,000",30,970
12/8/2022 11:32:01,567,8295,50069,490,59295,5890,57893,59026,57902,4790
12/8/2022 12:41:29,65,176.93,9513.79,100,65,732.56,880,29.45,5500,5500
12/8/2022 15:03:31,50,92,155,202,453,1000,63,500,1200,3400
12/8/2022 18:26:00,111,222,333,444,555,666,777,888,999,"1,000,000"
12/8/2022 18:29:53,500,1200,100,75000,5000,300,100,1000000,200,500
12/8/2022 21:06:32,$462.35,$542.40,$957.42,"$4,433.42","$4,001.52","$5,524.58","$9,572.45","$13,856.04","$17,945.42","$20,572.45"
12/9/2022 22:11:19,500000,1000000,300000,6000000,45000,100000,1000000,10000,58000000,1000000